{"app":["/app-4a0cc66c2a946451f811.js"],"component---src-pages-404-jsx":["/component---src-pages-404-jsx-d0e1882dcbda98317c7e.js"],"component---src-pages-contacto-jsx":["/component---src-pages-contacto-jsx-03fd9c97a1c0a2754f71.js"],"component---src-pages-index-jsx":["/component---src-pages-index-jsx-0920efe464c975bed3d0.js"],"component---src-pages-nosotros-jsx":["/component---src-pages-nosotros-jsx-5a247a30003eb61c1742.js"],"component---src-pages-productos-index-jsx":["/component---src-pages-productos-index-jsx-11d6311d677596a921dc.js"],"component---src-pages-productos-sinsal-jsx":["/component---src-pages-productos-sinsal-jsx-d083d4cf8d0901a1ce28.js"],"component---src-pages-recetas-index-jsx":["/component---src-pages-recetas-index-jsx-8e8c7bd3f3b0ce87dcd1.js"],"component---src-templates-product-js":["/component---src-templates-product-js-512283ba2b9564bbf028.js"]}