{"app":["/app-09cb3ae7c0a0220b2673.js"],"component---src-pages-404-jsx":["/component---src-pages-404-jsx-59cf7c0c9a2c52b9a6a2.js"],"component---src-pages-contacto-jsx":["/component---src-pages-contacto-jsx-beab9b695d736d8bffc5.js"],"component---src-pages-index-jsx":["/component---src-pages-index-jsx-a67e559cfce54ed718cc.js"],"component---src-pages-nosotros-jsx":["/component---src-pages-nosotros-jsx-9648d978d0e1aa1ab693.js"],"component---src-pages-productos-index-jsx":["/component---src-pages-productos-index-jsx-556949886d8501daf0fd.js"],"component---src-pages-productos-sinsal-jsx":["/component---src-pages-productos-sinsal-jsx-54603d2f8dcccfbab3aa.js"],"component---src-pages-recetas-jsx":["/component---src-pages-recetas-jsx-9ee3095aa6fdbad4c43d.js"],"component---src-templates-product-js":["/component---src-templates-product-js-59366f644432aa042dd6.js"]}