{"app":["/app-e19eff7c1046e15a6f44.js"],"component---src-pages-404-jsx":["/component---src-pages-404-jsx-9e5c26681c9ae7a77ed3.js"],"component---src-pages-contacto-jsx":["/component---src-pages-contacto-jsx-03fd9c97a1c0a2754f71.js"],"component---src-pages-index-jsx":["/component---src-pages-index-jsx-b7971d9028343224caad.js"],"component---src-pages-nosotros-jsx":["/component---src-pages-nosotros-jsx-5a247a30003eb61c1742.js"],"component---src-pages-productos-index-jsx":["/component---src-pages-productos-index-jsx-23d103709f5a1976a07d.js"],"component---src-pages-productos-sinsal-jsx":["/component---src-pages-productos-sinsal-jsx-54603d2f8dcccfbab3aa.js"],"component---src-pages-recetas-index-jsx":["/component---src-pages-recetas-index-jsx-8e8c7bd3f3b0ce87dcd1.js"],"component---src-templates-product-js":["/component---src-templates-product-js-cf56c868f1d9335607e8.js"]}