{"app":["/app-aeea0e62efd3aef36ee8.js"],"component---src-pages-404-jsx":["/component---src-pages-404-jsx-d0e1882dcbda98317c7e.js"],"component---src-pages-contacto-jsx":["/component---src-pages-contacto-jsx-eca3bcdeb35f885148a2.js"],"component---src-pages-index-jsx":["/component---src-pages-index-jsx-84c3896e8d6efdf259c5.js"],"component---src-pages-nosotros-jsx":["/component---src-pages-nosotros-jsx-f551febe6c1e54d80530.js"],"component---src-pages-productos-index-jsx":["/component---src-pages-productos-index-jsx-8082e7538f183a87d131.js"],"component---src-pages-productos-sinsal-jsx":["/component---src-pages-productos-sinsal-jsx-78cbe7a9e3bf9182ff9c.js"],"component---src-pages-recetas-index-jsx":["/component---src-pages-recetas-index-jsx-41adbae7af9e026c08c1.js"],"component---src-templates-product-js":["/component---src-templates-product-js-b456c4ce83d31f2614b6.js"]}