{"name":"build-javascript","namedChunkGroups":{"app":{"name":"app","assets":[{"name":"webpack-runtime-62432de240aba6663787.js","size":5510},{"name":"framework-adc840d619fba6d1d9cd.js","size":141447},{"name":"app-09cb3ae7c0a0220b2673.js","size":62298}],"filteredAssets":0,"assetsSize":209255,"filteredAuxiliaryAssets":3,"auxiliaryAssetsSize":598189},"component---src-pages-404-jsx":{"name":"component---src-pages-404-jsx","assets":[{"name":"component---src-pages-404-jsx-59cf7c0c9a2c52b9a6a2.js","size":338}],"filteredAssets":0,"assetsSize":338,"filteredAuxiliaryAssets":1,"auxiliaryAssetsSize":364},"component---src-pages-contacto-jsx":{"name":"component---src-pages-contacto-jsx","assets":[{"name":"styles.701b2db44222edaa3cbf.css","size":251008},{"name":"8a41da26f917ce9eba460ebe3c7d096766569a12-1e56a45aeb10ff653ef2.js","size":17847},{"name":"component---src-pages-contacto-jsx-beab9b695d736d8bffc5.js","size":8640}],"filteredAssets":0,"assetsSize":277495,"filteredAuxiliaryAssets":2,"auxiliaryAssetsSize":100059},"component---src-pages-index-jsx":{"name":"component---src-pages-index-jsx","assets":[{"name":"styles.701b2db44222edaa3cbf.css","size":251008},{"name":"framework-adc840d619fba6d1d9cd.js","size":141447},{"name":"434d54e0550e1d8a1d51156f052f2278ce896e71-b597a33e1e42e5281c18.js","size":11165},{"name":"component---src-pages-index-jsx-a67e559cfce54ed718cc.js","size":41852}],"filteredAssets":0,"assetsSize":445472,"filteredAuxiliaryAssets":3,"auxiliaryAssetsSize":536445},"component---src-pages-nosotros-jsx":{"name":"component---src-pages-nosotros-jsx","assets":[{"name":"styles.701b2db44222edaa3cbf.css","size":251008},{"name":"8a41da26f917ce9eba460ebe3c7d096766569a12-1e56a45aeb10ff653ef2.js","size":17847},{"name":"component---src-pages-nosotros-jsx-9648d978d0e1aa1ab693.js","size":3376}],"filteredAssets":0,"assetsSize":272231,"filteredAuxiliaryAssets":2,"auxiliaryAssetsSize":87832},"component---src-pages-productos-index-jsx":{"name":"component---src-pages-productos-index-jsx","assets":[{"name":"styles.701b2db44222edaa3cbf.css","size":251008},{"name":"8a41da26f917ce9eba460ebe3c7d096766569a12-1e56a45aeb10ff653ef2.js","size":17847},{"name":"434d54e0550e1d8a1d51156f052f2278ce896e71-b597a33e1e42e5281c18.js","size":11165},{"name":"component---src-pages-productos-index-jsx-556949886d8501daf0fd.js","size":3872}],"filteredAssets":0,"assetsSize":283892,"filteredAuxiliaryAssets":3,"auxiliaryAssetsSize":134946},"component---src-pages-productos-sinsal-jsx":{"name":"component---src-pages-productos-sinsal-jsx","assets":[{"name":"styles.701b2db44222edaa3cbf.css","size":251008},{"name":"8a41da26f917ce9eba460ebe3c7d096766569a12-1e56a45aeb10ff653ef2.js","size":17847},{"name":"component---src-pages-productos-sinsal-jsx-54603d2f8dcccfbab3aa.js","size":3436}],"filteredAssets":0,"assetsSize":272291,"filteredAuxiliaryAssets":2,"auxiliaryAssetsSize":89254},"component---src-pages-recetas-jsx":{"name":"component---src-pages-recetas-jsx","assets":[{"name":"styles.701b2db44222edaa3cbf.css","size":251008},{"name":"component---src-pages-recetas-jsx-9ee3095aa6fdbad4c43d.js","size":7548}],"filteredAssets":0,"assetsSize":258556,"filteredAuxiliaryAssets":1,"auxiliaryAssetsSize":12809},"component---src-templates-product-js":{"name":"component---src-templates-product-js","assets":[{"name":"styles.701b2db44222edaa3cbf.css","size":251008},{"name":"8a41da26f917ce9eba460ebe3c7d096766569a12-1e56a45aeb10ff653ef2.js","size":17847},{"name":"component---src-templates-product-js-59366f644432aa042dd6.js","size":2675}],"filteredAssets":0,"assetsSize":271530,"filteredAuxiliaryAssets":2,"auxiliaryAssetsSize":87574}},"assetsByChunkName":{"app":["webpack-runtime-62432de240aba6663787.js","framework-adc840d619fba6d1d9cd.js","app-09cb3ae7c0a0220b2673.js"],"component---src-pages-404-jsx":["component---src-pages-404-jsx-59cf7c0c9a2c52b9a6a2.js"],"component---src-pages-contacto-jsx":["styles.701b2db44222edaa3cbf.css","8a41da26f917ce9eba460ebe3c7d096766569a12-1e56a45aeb10ff653ef2.js","component---src-pages-contacto-jsx-beab9b695d736d8bffc5.js"],"component---src-pages-index-jsx":["styles.701b2db44222edaa3cbf.css","framework-adc840d619fba6d1d9cd.js","434d54e0550e1d8a1d51156f052f2278ce896e71-b597a33e1e42e5281c18.js","component---src-pages-index-jsx-a67e559cfce54ed718cc.js"],"component---src-pages-nosotros-jsx":["styles.701b2db44222edaa3cbf.css","8a41da26f917ce9eba460ebe3c7d096766569a12-1e56a45aeb10ff653ef2.js","component---src-pages-nosotros-jsx-9648d978d0e1aa1ab693.js"],"component---src-pages-productos-index-jsx":["styles.701b2db44222edaa3cbf.css","8a41da26f917ce9eba460ebe3c7d096766569a12-1e56a45aeb10ff653ef2.js","434d54e0550e1d8a1d51156f052f2278ce896e71-b597a33e1e42e5281c18.js","component---src-pages-productos-index-jsx-556949886d8501daf0fd.js"],"component---src-pages-productos-sinsal-jsx":["styles.701b2db44222edaa3cbf.css","8a41da26f917ce9eba460ebe3c7d096766569a12-1e56a45aeb10ff653ef2.js","component---src-pages-productos-sinsal-jsx-54603d2f8dcccfbab3aa.js"],"component---src-pages-recetas-jsx":["styles.701b2db44222edaa3cbf.css","component---src-pages-recetas-jsx-9ee3095aa6fdbad4c43d.js"],"component---src-templates-product-js":["styles.701b2db44222edaa3cbf.css","8a41da26f917ce9eba460ebe3c7d096766569a12-1e56a45aeb10ff653ef2.js","component---src-templates-product-js-59366f644432aa042dd6.js"]},"childAssetsByChunkName":{}}