{"name":"build-javascript","namedChunkGroups":{"app":{"name":"app","assets":[{"name":"webpack-runtime-8c459bcfd1e01398cf87.js","size":5483},{"name":"framework-adc840d619fba6d1d9cd.js","size":141447},{"name":"app-e19eff7c1046e15a6f44.js","size":62355}],"filteredAssets":0,"assetsSize":209285,"filteredAuxiliaryAssets":3,"auxiliaryAssetsSize":598178},"component---src-pages-404-jsx":{"name":"component---src-pages-404-jsx","assets":[{"name":"styles.e32be0152a3211f561a4.css","size":259749},{"name":"commons-ec7bea825d1843dc81a9.js","size":17630},{"name":"component---src-pages-404-jsx-9e5c26681c9ae7a77ed3.js","size":866}],"filteredAssets":0,"assetsSize":278245,"filteredAuxiliaryAssets":2,"auxiliaryAssetsSize":84384},"component---src-pages-contacto-jsx":{"name":"component---src-pages-contacto-jsx","assets":[{"name":"styles.e32be0152a3211f561a4.css","size":259749},{"name":"commons-ec7bea825d1843dc81a9.js","size":17630},{"name":"component---src-pages-contacto-jsx-03fd9c97a1c0a2754f71.js","size":8367}],"filteredAssets":0,"assetsSize":285746,"filteredAuxiliaryAssets":2,"auxiliaryAssetsSize":101452},"component---src-pages-index-jsx":{"name":"component---src-pages-index-jsx","assets":[{"name":"styles.e32be0152a3211f561a4.css","size":259749},{"name":"framework-adc840d619fba6d1d9cd.js","size":141447},{"name":"commons-ec7bea825d1843dc81a9.js","size":17630},{"name":"434d54e0550e1d8a1d51156f052f2278ce896e71-8aa5c46ef5a16627aebe.js","size":12775},{"name":"component---src-pages-index-jsx-b7971d9028343224caad.js","size":36719}],"filteredAssets":0,"assetsSize":468320,"filteredAuxiliaryAssets":4,"auxiliaryAssetsSize":614755},"component---src-pages-nosotros-jsx":{"name":"component---src-pages-nosotros-jsx","assets":[{"name":"styles.e32be0152a3211f561a4.css","size":259749},{"name":"commons-ec7bea825d1843dc81a9.js","size":17630},{"name":"component---src-pages-nosotros-jsx-5a247a30003eb61c1742.js","size":4665}],"filteredAssets":0,"assetsSize":282044,"filteredAuxiliaryAssets":2,"auxiliaryAssetsSize":92026},"component---src-pages-productos-index-jsx":{"name":"component---src-pages-productos-index-jsx","assets":[{"name":"styles.e32be0152a3211f561a4.css","size":259749},{"name":"commons-ec7bea825d1843dc81a9.js","size":17630},{"name":"434d54e0550e1d8a1d51156f052f2278ce896e71-8aa5c46ef5a16627aebe.js","size":12775},{"name":"component---src-pages-productos-index-jsx-23d103709f5a1976a07d.js","size":2862}],"filteredAssets":0,"assetsSize":293016,"filteredAuxiliaryAssets":3,"auxiliaryAssetsSize":137759},"component---src-pages-productos-sinsal-jsx":{"name":"component---src-pages-productos-sinsal-jsx","assets":[{"name":"styles.e32be0152a3211f561a4.css","size":259749},{"name":"commons-ec7bea825d1843dc81a9.js","size":17630},{"name":"component---src-pages-productos-sinsal-jsx-54603d2f8dcccfbab3aa.js","size":3436}],"filteredAssets":0,"assetsSize":280815,"filteredAuxiliaryAssets":2,"auxiliaryAssetsSize":90301},"component---src-pages-recetas-index-jsx":{"name":"component---src-pages-recetas-index-jsx","assets":[{"name":"styles.e32be0152a3211f561a4.css","size":259749},{"name":"commons-ec7bea825d1843dc81a9.js","size":17630},{"name":"component---src-pages-recetas-index-jsx-8e8c7bd3f3b0ce87dcd1.js","size":18544}],"filteredAssets":0,"assetsSize":295923,"filteredAuxiliaryAssets":2,"auxiliaryAssetsSize":114340},"component---src-templates-product-js":{"name":"component---src-templates-product-js","assets":[{"name":"styles.e32be0152a3211f561a4.css","size":259749},{"name":"commons-ec7bea825d1843dc81a9.js","size":17630},{"name":"component---src-templates-product-js-cf56c868f1d9335607e8.js","size":2306}],"filteredAssets":0,"assetsSize":279685,"filteredAuxiliaryAssets":2,"auxiliaryAssetsSize":88180}},"assetsByChunkName":{"app":["webpack-runtime-8c459bcfd1e01398cf87.js","framework-adc840d619fba6d1d9cd.js","app-e19eff7c1046e15a6f44.js"],"component---src-pages-404-jsx":["styles.e32be0152a3211f561a4.css","commons-ec7bea825d1843dc81a9.js","component---src-pages-404-jsx-9e5c26681c9ae7a77ed3.js"],"component---src-pages-contacto-jsx":["styles.e32be0152a3211f561a4.css","commons-ec7bea825d1843dc81a9.js","component---src-pages-contacto-jsx-03fd9c97a1c0a2754f71.js"],"component---src-pages-index-jsx":["styles.e32be0152a3211f561a4.css","framework-adc840d619fba6d1d9cd.js","commons-ec7bea825d1843dc81a9.js","434d54e0550e1d8a1d51156f052f2278ce896e71-8aa5c46ef5a16627aebe.js","component---src-pages-index-jsx-b7971d9028343224caad.js"],"component---src-pages-nosotros-jsx":["styles.e32be0152a3211f561a4.css","commons-ec7bea825d1843dc81a9.js","component---src-pages-nosotros-jsx-5a247a30003eb61c1742.js"],"component---src-pages-productos-index-jsx":["styles.e32be0152a3211f561a4.css","commons-ec7bea825d1843dc81a9.js","434d54e0550e1d8a1d51156f052f2278ce896e71-8aa5c46ef5a16627aebe.js","component---src-pages-productos-index-jsx-23d103709f5a1976a07d.js"],"component---src-pages-productos-sinsal-jsx":["styles.e32be0152a3211f561a4.css","commons-ec7bea825d1843dc81a9.js","component---src-pages-productos-sinsal-jsx-54603d2f8dcccfbab3aa.js"],"component---src-pages-recetas-index-jsx":["styles.e32be0152a3211f561a4.css","commons-ec7bea825d1843dc81a9.js","component---src-pages-recetas-index-jsx-8e8c7bd3f3b0ce87dcd1.js"],"component---src-templates-product-js":["styles.e32be0152a3211f561a4.css","commons-ec7bea825d1843dc81a9.js","component---src-templates-product-js-cf56c868f1d9335607e8.js"]},"childAssetsByChunkName":{}}