{"name":"build-javascript","namedChunkGroups":{"app":{"name":"app","assets":[{"name":"webpack-runtime-a7219e7891a26ac8266b.js","size":5483},{"name":"framework-adc840d619fba6d1d9cd.js","size":141447},{"name":"app-aeea0e62efd3aef36ee8.js","size":68639}],"filteredAssets":0,"assetsSize":215569,"filteredAuxiliaryAssets":3,"auxiliaryAssetsSize":618395},"component---src-pages-404-jsx":{"name":"component---src-pages-404-jsx","assets":[{"name":"styles.01cd02a08c6326ae98a2.css","size":260823},{"name":"commons-8eaef7a5b6eb3a8d7397.js","size":17678},{"name":"component---src-pages-404-jsx-d0e1882dcbda98317c7e.js","size":868}],"filteredAssets":0,"assetsSize":279369,"filteredAuxiliaryAssets":2,"auxiliaryAssetsSize":84478},"component---src-pages-contacto-jsx":{"name":"component---src-pages-contacto-jsx","assets":[{"name":"styles.01cd02a08c6326ae98a2.css","size":260823},{"name":"commons-8eaef7a5b6eb3a8d7397.js","size":17678},{"name":"component---src-pages-contacto-jsx-eca3bcdeb35f885148a2.js","size":10046}],"filteredAssets":0,"assetsSize":288547,"filteredAuxiliaryAssets":2,"auxiliaryAssetsSize":110009},"component---src-pages-index-jsx":{"name":"component---src-pages-index-jsx","assets":[{"name":"styles.01cd02a08c6326ae98a2.css","size":260823},{"name":"framework-adc840d619fba6d1d9cd.js","size":141447},{"name":"commons-8eaef7a5b6eb3a8d7397.js","size":17678},{"name":"434d54e0550e1d8a1d51156f052f2278ce896e71-8aa5c46ef5a16627aebe.js","size":12775},{"name":"component---src-pages-index-jsx-84c3896e8d6efdf259c5.js","size":36841}],"filteredAssets":0,"assetsSize":469564,"filteredAuxiliaryAssets":4,"auxiliaryAssetsSize":615683},"component---src-pages-nosotros-jsx":{"name":"component---src-pages-nosotros-jsx","assets":[{"name":"styles.01cd02a08c6326ae98a2.css","size":260823},{"name":"commons-8eaef7a5b6eb3a8d7397.js","size":17678},{"name":"component---src-pages-nosotros-jsx-f551febe6c1e54d80530.js","size":7828}],"filteredAssets":0,"assetsSize":286329,"filteredAuxiliaryAssets":2,"auxiliaryAssetsSize":98147},"component---src-pages-productos-index-jsx":{"name":"component---src-pages-productos-index-jsx","assets":[{"name":"styles.01cd02a08c6326ae98a2.css","size":260823},{"name":"commons-8eaef7a5b6eb3a8d7397.js","size":17678},{"name":"434d54e0550e1d8a1d51156f052f2278ce896e71-8aa5c46ef5a16627aebe.js","size":12775},{"name":"component---src-pages-productos-index-jsx-8082e7538f183a87d131.js","size":3737}],"filteredAssets":0,"assetsSize":295013,"filteredAuxiliaryAssets":4,"auxiliaryAssetsSize":692486},"component---src-pages-productos-sinsal-jsx":{"name":"component---src-pages-productos-sinsal-jsx","assets":[{"name":"styles.01cd02a08c6326ae98a2.css","size":260823},{"name":"commons-8eaef7a5b6eb3a8d7397.js","size":17678},{"name":"component---src-pages-productos-sinsal-jsx-78cbe7a9e3bf9182ff9c.js","size":3432}],"filteredAssets":0,"assetsSize":281933,"filteredAuxiliaryAssets":2,"auxiliaryAssetsSize":90372},"component---src-pages-recetas-index-jsx":{"name":"component---src-pages-recetas-index-jsx","assets":[{"name":"styles.01cd02a08c6326ae98a2.css","size":260823},{"name":"commons-8eaef7a5b6eb3a8d7397.js","size":17678},{"name":"component---src-pages-recetas-index-jsx-41adbae7af9e026c08c1.js","size":18664}],"filteredAssets":0,"assetsSize":297165,"filteredAuxiliaryAssets":2,"auxiliaryAssetsSize":114617},"component---src-templates-product-js":{"name":"component---src-templates-product-js","assets":[{"name":"styles.01cd02a08c6326ae98a2.css","size":260823},{"name":"commons-8eaef7a5b6eb3a8d7397.js","size":17678},{"name":"component---src-templates-product-js-b456c4ce83d31f2614b6.js","size":4261}],"filteredAssets":0,"assetsSize":282762,"filteredAuxiliaryAssets":2,"auxiliaryAssetsSize":91775}},"assetsByChunkName":{"app":["webpack-runtime-a7219e7891a26ac8266b.js","framework-adc840d619fba6d1d9cd.js","app-aeea0e62efd3aef36ee8.js"],"component---src-pages-404-jsx":["styles.01cd02a08c6326ae98a2.css","commons-8eaef7a5b6eb3a8d7397.js","component---src-pages-404-jsx-d0e1882dcbda98317c7e.js"],"component---src-pages-contacto-jsx":["styles.01cd02a08c6326ae98a2.css","commons-8eaef7a5b6eb3a8d7397.js","component---src-pages-contacto-jsx-eca3bcdeb35f885148a2.js"],"component---src-pages-index-jsx":["styles.01cd02a08c6326ae98a2.css","framework-adc840d619fba6d1d9cd.js","commons-8eaef7a5b6eb3a8d7397.js","434d54e0550e1d8a1d51156f052f2278ce896e71-8aa5c46ef5a16627aebe.js","component---src-pages-index-jsx-84c3896e8d6efdf259c5.js"],"component---src-pages-nosotros-jsx":["styles.01cd02a08c6326ae98a2.css","commons-8eaef7a5b6eb3a8d7397.js","component---src-pages-nosotros-jsx-f551febe6c1e54d80530.js"],"component---src-pages-productos-index-jsx":["styles.01cd02a08c6326ae98a2.css","commons-8eaef7a5b6eb3a8d7397.js","434d54e0550e1d8a1d51156f052f2278ce896e71-8aa5c46ef5a16627aebe.js","component---src-pages-productos-index-jsx-8082e7538f183a87d131.js"],"component---src-pages-productos-sinsal-jsx":["styles.01cd02a08c6326ae98a2.css","commons-8eaef7a5b6eb3a8d7397.js","component---src-pages-productos-sinsal-jsx-78cbe7a9e3bf9182ff9c.js"],"component---src-pages-recetas-index-jsx":["styles.01cd02a08c6326ae98a2.css","commons-8eaef7a5b6eb3a8d7397.js","component---src-pages-recetas-index-jsx-41adbae7af9e026c08c1.js"],"component---src-templates-product-js":["styles.01cd02a08c6326ae98a2.css","commons-8eaef7a5b6eb3a8d7397.js","component---src-templates-product-js-b456c4ce83d31f2614b6.js"]},"childAssetsByChunkName":{}}