{"name":"build-javascript","namedChunkGroups":{"app":{"name":"app","assets":[{"name":"webpack-runtime-ddae9641ff78f14fe34c.js","size":5483},{"name":"framework-adc840d619fba6d1d9cd.js","size":141447},{"name":"app-4a0cc66c2a946451f811.js","size":68639}],"filteredAssets":0,"assetsSize":215569,"filteredAuxiliaryAssets":3,"auxiliaryAssetsSize":618395},"component---src-pages-404-jsx":{"name":"component---src-pages-404-jsx","assets":[{"name":"styles.4f5271ee6eb2622de0ac.css","size":259772},{"name":"commons-8eaef7a5b6eb3a8d7397.js","size":17678},{"name":"component---src-pages-404-jsx-d0e1882dcbda98317c7e.js","size":868}],"filteredAssets":0,"assetsSize":278318,"filteredAuxiliaryAssets":2,"auxiliaryAssetsSize":84478},"component---src-pages-contacto-jsx":{"name":"component---src-pages-contacto-jsx","assets":[{"name":"styles.4f5271ee6eb2622de0ac.css","size":259772},{"name":"commons-8eaef7a5b6eb3a8d7397.js","size":17678},{"name":"component---src-pages-contacto-jsx-03fd9c97a1c0a2754f71.js","size":8367}],"filteredAssets":0,"assetsSize":285817,"filteredAuxiliaryAssets":2,"auxiliaryAssetsSize":101533},"component---src-pages-index-jsx":{"name":"component---src-pages-index-jsx","assets":[{"name":"styles.4f5271ee6eb2622de0ac.css","size":259772},{"name":"framework-adc840d619fba6d1d9cd.js","size":141447},{"name":"commons-8eaef7a5b6eb3a8d7397.js","size":17678},{"name":"434d54e0550e1d8a1d51156f052f2278ce896e71-8aa5c46ef5a16627aebe.js","size":12775},{"name":"component---src-pages-index-jsx-0920efe464c975bed3d0.js","size":36791}],"filteredAssets":0,"assetsSize":468463,"filteredAuxiliaryAssets":4,"auxiliaryAssetsSize":615093},"component---src-pages-nosotros-jsx":{"name":"component---src-pages-nosotros-jsx","assets":[{"name":"styles.4f5271ee6eb2622de0ac.css","size":259772},{"name":"commons-8eaef7a5b6eb3a8d7397.js","size":17678},{"name":"component---src-pages-nosotros-jsx-5a247a30003eb61c1742.js","size":4665}],"filteredAssets":0,"assetsSize":282115,"filteredAuxiliaryAssets":2,"auxiliaryAssetsSize":92107},"component---src-pages-productos-index-jsx":{"name":"component---src-pages-productos-index-jsx","assets":[{"name":"styles.4f5271ee6eb2622de0ac.css","size":259772},{"name":"commons-8eaef7a5b6eb3a8d7397.js","size":17678},{"name":"434d54e0550e1d8a1d51156f052f2278ce896e71-8aa5c46ef5a16627aebe.js","size":12775},{"name":"component---src-pages-productos-index-jsx-11d6311d677596a921dc.js","size":2864}],"filteredAssets":0,"assetsSize":293089,"filteredAuxiliaryAssets":3,"auxiliaryAssetsSize":137853},"component---src-pages-productos-sinsal-jsx":{"name":"component---src-pages-productos-sinsal-jsx","assets":[{"name":"styles.4f5271ee6eb2622de0ac.css","size":259772},{"name":"commons-8eaef7a5b6eb3a8d7397.js","size":17678},{"name":"component---src-pages-productos-sinsal-jsx-d083d4cf8d0901a1ce28.js","size":3439}],"filteredAssets":0,"assetsSize":280889,"filteredAuxiliaryAssets":2,"auxiliaryAssetsSize":90396},"component---src-pages-recetas-index-jsx":{"name":"component---src-pages-recetas-index-jsx","assets":[{"name":"styles.4f5271ee6eb2622de0ac.css","size":259772},{"name":"commons-8eaef7a5b6eb3a8d7397.js","size":17678},{"name":"component---src-pages-recetas-index-jsx-8e8c7bd3f3b0ce87dcd1.js","size":18544}],"filteredAssets":0,"assetsSize":295994,"filteredAuxiliaryAssets":2,"auxiliaryAssetsSize":114421},"component---src-templates-product-js":{"name":"component---src-templates-product-js","assets":[{"name":"styles.4f5271ee6eb2622de0ac.css","size":259772},{"name":"commons-8eaef7a5b6eb3a8d7397.js","size":17678},{"name":"component---src-templates-product-js-512283ba2b9564bbf028.js","size":2308}],"filteredAssets":0,"assetsSize":279758,"filteredAuxiliaryAssets":2,"auxiliaryAssetsSize":88274}},"assetsByChunkName":{"app":["webpack-runtime-ddae9641ff78f14fe34c.js","framework-adc840d619fba6d1d9cd.js","app-4a0cc66c2a946451f811.js"],"component---src-pages-404-jsx":["styles.4f5271ee6eb2622de0ac.css","commons-8eaef7a5b6eb3a8d7397.js","component---src-pages-404-jsx-d0e1882dcbda98317c7e.js"],"component---src-pages-contacto-jsx":["styles.4f5271ee6eb2622de0ac.css","commons-8eaef7a5b6eb3a8d7397.js","component---src-pages-contacto-jsx-03fd9c97a1c0a2754f71.js"],"component---src-pages-index-jsx":["styles.4f5271ee6eb2622de0ac.css","framework-adc840d619fba6d1d9cd.js","commons-8eaef7a5b6eb3a8d7397.js","434d54e0550e1d8a1d51156f052f2278ce896e71-8aa5c46ef5a16627aebe.js","component---src-pages-index-jsx-0920efe464c975bed3d0.js"],"component---src-pages-nosotros-jsx":["styles.4f5271ee6eb2622de0ac.css","commons-8eaef7a5b6eb3a8d7397.js","component---src-pages-nosotros-jsx-5a247a30003eb61c1742.js"],"component---src-pages-productos-index-jsx":["styles.4f5271ee6eb2622de0ac.css","commons-8eaef7a5b6eb3a8d7397.js","434d54e0550e1d8a1d51156f052f2278ce896e71-8aa5c46ef5a16627aebe.js","component---src-pages-productos-index-jsx-11d6311d677596a921dc.js"],"component---src-pages-productos-sinsal-jsx":["styles.4f5271ee6eb2622de0ac.css","commons-8eaef7a5b6eb3a8d7397.js","component---src-pages-productos-sinsal-jsx-d083d4cf8d0901a1ce28.js"],"component---src-pages-recetas-index-jsx":["styles.4f5271ee6eb2622de0ac.css","commons-8eaef7a5b6eb3a8d7397.js","component---src-pages-recetas-index-jsx-8e8c7bd3f3b0ce87dcd1.js"],"component---src-templates-product-js":["styles.4f5271ee6eb2622de0ac.css","commons-8eaef7a5b6eb3a8d7397.js","component---src-templates-product-js-512283ba2b9564bbf028.js"]},"childAssetsByChunkName":{}}